"","x"
"1",19388.236328125
"2",7643.435546875
"3",21039.75
"4",8563.75390625
"5",8637.0185546875
"6",5637.53173828125
"7",21039.75
"8",2381.91943359375
"9",18287.185546875
"10",4551.20703125
"11",4877.37646484375
"12",2944.31396484375
"13",3798.29614257812
"14",15715.880859375
"15",3219.72998046875
"16",10193.732421875
"17",4981.6875
"18",4911.17529296875
"19",3840.72875976562
"20",20245.44140625
"21",6689.77978515625
"22",2472.81640625
"23",6762.36767578125
"24",14830.974609375
"25",4101.0732421875
"26",2404.47412109375
"27",2587.80053710938
"28",2952.13940429688
"29",2754.1728515625
"30",5737.13671875
"31",5170
"32",4208.77001953125
"33",5722.0419921875
"34",8345.3828125
"35",10375.228515625
"36",2673.33471679688
"37",5375.8876953125
"38",15387.015625
"39",10769.90234375
"40",5703.4736328125
"41",5575.87890625
"42",14086.9453125
"43",9152.2001953125
"44",6891.9970703125
"45",8028.10302734375
"46",6425.6103515625
"47",9833.7900390625
"48",3965.421875
"49",8674.5498046875
"50",2257.54663085938
"51",15605.328125
"52",10152.630859375
"53",1842.3720703125
"54",5253.86572265625
"55",4789.64697265625
"56",15437.2470703125
"57",3279.78564453125
"58",2865.22875976562
"59",9518.86328125
"60",13450.689453125
"61",2746.41381835938
"62",7896.388671875
"63",9162.5205078125
"64",15641.04296875
"65",5557.9189453125
"66",8172.2880859375
"67",5681.6767578125
"68",6601.0712890625
"69",8553.732421875
"70",14650.7392578125
"71",6179.69873046875
"72",1908.49279785156
"73",4579.26904296875
"74",6238.2666015625
"75",8840.642578125
"76",8461.9189453125
"77",8084.3798828125
"78",14776.36328125
"79",11156.8369140625
"80",5187.4462890625
"81",7035.66455078125
"82",4033.7958984375
"83",5285.62353515625
"84",14398.6015625
"85",5632.6708984375
"86",2634.66943359375
"87",8101.4443359375
"88",17417.435546875
"89",4935.97802734375
"90",5533.05908203125
"91",8604.6279296875
"92",20001.837890625
"93",4386.51318359375
"94",5758.00244140625
"95",9543.0068359375
"96",5483.158203125
"97",2312.533203125
"98",5714.8837890625
"99",2893.82275390625
"100",2508.07055664062
"101",12781.6015625
"102",4957.00341796875
"103",5169.06591796875
"104",2007.48742675781
"105",12765.486328125
"106",2442.01733398438
"107",4968.44775390625
"108",5462.0166015625
"109",17732.1953125
"110",2415.04614257812
"111",2529.6484375
"112",4647.5341796875
"113",20486.9453125
"114",5655.72412109375
"115",2573.07934570312
"116",21358.869140625
"117",3965.421875
"118",15838.603515625
"119",2176.50024414062
"120",16382.7109375
"121",12365.1513671875
"122",3985.71655273438
"123",22809.853515625
"124",5513.13037109375
"125",2068.4990234375
"126",6933.74951171875
"127",9400.0400390625
"128",6206.37451171875
"129",4867.9267578125
"130",4396.7041015625
"131",9471.640625
"132",8953.48046875
"133",10045.568359375
"134",12538.802734375
"135",2639.47436523438
"136",5391.2587890625
"137",4005.00537109375
"138",11797.4921875
"139",2387.05517578125
"140",8011.00732421875
"141",5412.98583984375
"142",8044.76904296875
"143",4126.97509765625
"144",14901.763671875
"145",5202.806640625
"146",4772.60986328125
"147",5330.4384765625
"148",4311.48681640625
"149",13133.419921875
"150",3641.63842773438
"151",3429.55297851562
"152",9299.6748046875
"153",6107.85986328125
"154",20331.681640625
"155",7907.28662109375
"156",11379.755859375
"157",25324.75
"158",5567.05419921875
"159",4088.10009765625
"160",7012.87890625
"161",18558.177734375
"162",16127.0859375
"163",4030.90380859375
"164",17025.75390625
"165",5118.05859375
"166",4062.095703125
"167",4727.02880859375
"168",8722.845703125
"169",6944.42578125
"170",3281.29125976562
"171",8590.65625
"172",6347.58154296875
"173",2803.51098632812
"174",7938.13427734375
"175",10992.216796875
"176",7052.11767578125
"177",4651.43798828125
"178",2772.35961914062
"179",4336.13134765625
"180",8532.0390625
"181",15188.4462890625
"182",18643.119140625
"183",13159.5419921875
"184",6235.16015625
"185",10580.5458984375
"186",5374.126953125
"187",5405.78564453125
"188",2799.52661132812
"189",11840.9189453125
"190",7731.837890625
"191",10212.029296875
"192",2088.388671875
"193",13400.232421875
"194",3105.3662109375
"195",17252.46484375
"196",6689.77978515625
"197",6728.51025390625
"198",3689.12573242188
"199",2986.13793945312
"200",5071.9033203125
"201",9455.283203125
"202",3827.50732421875
"203",9028.5703125
"204",10341.3740234375
"205",10006.1484375
"206",15885.5302734375
"207",13140.2578125
"208",2621.30737304688
"209",2872.81958007812
"210",23184.51171875
"211",1793.72387695312
"212",2820.05346679688
"213",4626.89404296875
"214",4563.32568359375
"215",5333.0263671875
"216",9811.3603515625
"217",7814.8779296875
"218",21039.75
"219",10544.1044921875
"220",8718.080078125
"221",5686.48681640625
"222",11355.1142578125
"223",5242.15576171875
"224",7610.82958984375
"225",3175.80029296875
"226",21313.5234375
"227",3057.275390625
"228",5329.080078125
"229",8086.75732421875
"230",1996.37634277344
"231",2211.96362304688
"232",5150.8447265625
"233",4740.59326171875
"234",13153.1455078125
"235",8034.71435546875
"236",4025.32446289062
"237",2198.0107421875
"238",5949.796875
"239",10918.8134765625
"240",2527.48681640625
"241",8545.890625
"242",11755.7978515625
"243",12702.4208984375
"244",3347.55834960938
"245",5098.63525390625
"246",7481.22509765625
"247",5751.23095703125
"248",6053.9052734375
"249",4366.7216796875
"250",25264.3671875
"251",2630.30493164062
"252",3740.71142578125
"253",2055.39038085938
"254",12370.9169921875
"255",2733.3388671875
"256",4406.5478515625
"257",3457.89282226562
"258",4350.16748046875
"259",14815.263671875
"260",2564.3134765625
"261",12192.2470703125
"262",4858.51904296875
"263",3154.49853515625
"264",5653.65771484375
"265",16077.966796875
"266",5287.1728515625
"267",9318.98046875
"268",10131.2587890625
"269",19431.876953125
"270",17273.373046875
"271",9666.9072265625
"272",9405.677734375
"273",4091.2333984375
"274",5187.900390625
"275",3065.861328125
"276",15127.9482421875
"277",3619.76000976562
"278",2752.6162109375
"279",7619.65576171875
"280",6520.0888671875
"281",5525.9267578125
"282",4637.9609375
"283",2748.34204101562
"284",4602.54833984375
"285",16334.818359375
"286",2579.78686523438
"287",9563.630859375
"288",4580.48974609375
"289",11223.302734375
"290",2180.2158203125
"291",3256.29760742188
"292",10412.1806640625
"293",2579.26684570312
"294",16312.4677734375
"295",10638.6904296875
"296",2448.49609375
"297",2542.42846679688
"298",16988.763671875
"299",11238.044921875
"300",11787.3896484375
"301",17270.724609375
"302",5443.61767578125
"303",24215.001953125
"304",11886.1337890625
"305",6456.443359375
"306",3300.83618164062
"307",3617.24633789062
"308",12643.244140625
"309",2450.8720703125
"310",19498.11328125
"311",4774.98095703125
"312",3110.3291015625
"313",4214.51220703125
"314",3750.50537109375
"315",2221.91088867188
"316",8882.7294921875
"317",2257.54663085938
"318",7234.5302734375
"319",4175.98828125
"320",5046.09033203125
"321",3190.6318359375
"322",3765.30859375
"323",7233.3203125
"324",25511.77734375
"325",6020.70068359375
"326",4699.74365234375
"327",6053.97607421875
"328",11611.6298828125
"329",3524.49829101562
"330",3769.75
"331",8674.5498046875
"332",4571.03125
"333",7915.55322265625
"334",4319.8017578125
"335",2140.16284179688
"336",5305.8779296875
"337",10074.1240234375
"338",4640.17041015625
"339",20471.26953125
"340",14108.109375
"341",25385.19921875
"342",3003.29150390625
"343",13749.099609375
"344",6696.7802734375
"345",2540.45922851562
"346",2573.52709960938
"347",7569.3759765625
"348",15895.9404296875
"349",21357.775390625
"350",4073.81640625
"351",2154.1650390625
"352",8813.6904296875
"353",4893.6904296875
"354",2530.05688476562
"355",16419.9375
"356",9637.5859375
"357",4903.75244140625
"358",12435.0224609375
"359",14346.0556640625
"360",17964.015625
"361",3837.123046875
"362",4943.59521484375
"363",5841.177734375
"364",5339.08544921875
"365",4960.62060546875
"366",12762.419921875
"367",12616.283203125
"368",16192.333984375
"369",5312.1494140625
"370",6118.732421875
"371",20179.01171875
"372",15264.80859375
"373",8592.560546875
"374",3004.66967773438
"375",2294.68530273438
"376",5159.8037109375
"377",12902.017578125
"378",7655.275390625
"379",3796.84936523438
"380",4277.81689453125
"381",5527.85986328125
"382",6401.908203125
"383",6438.2333984375
"384",10172.720703125
"385",14896.076171875
"386",8531.806640625
"387",4044.83374023438
"388",11104.20703125
"389",9414.9970703125
"390",12520.9326171875
"391",6217.5419921875
"392",3401.55102539062
"393",5670.421875
"394",25159.537109375
"395",18986.0234375
"396",4643.55908203125
"397",3035.47338867188
"398",6723.5908203125
"399",7243.873046875
"400",2572.91333007812
"401",16561.396484375
"402",5147.8935546875
"403",9397.00390625
"404",5184.04052734375
"405",3991.91748046875
"406",5617.68017578125
"407",3823.91040039062
"408",1986.27624511719
"409",4346.1767578125
"410",3126.2841796875
"411",2663.21166992188
"412",2907.5400390625
"413",5032.45361328125
"414",3390.3662109375
"415",18402.58984375
"416",19818.626953125
"417",2652.88500976562
"418",18488.236328125
"419",5877.22509765625
"420",18025.75
"421",11881.7744140625
"422",2986.13793945312
"423",17062.9921875
"424",5258.18212890625
"425",4903.806640625
"426",3663.39379882812
"427",9978.3564453125
"428",2898.66748046875
"429",4671.240234375
"430",2476.16870117188
"431",2788.505859375
"432",2675.55883789062
"433",9796.7587890625
"434",4953.54345703125
"435",7490.97021484375
"436",8178.1474609375
"437",4529.6845703125
"438",14318.4580078125
"439",11956.6337890625
"440",6724.23193359375
"441",8590.65625
"442",3604.0849609375
"443",7920.91650390625
"444",2950.8427734375
"445",2185.80029296875
"446",4687.9287109375
"447",7877.8271484375
"448",2823.61499023438
"449",3556.96752929688
"450",5519.80810546875
"451",4002.34497070312
"452",6528.25244140625
"453",10158.8525390625
"454",2757.79541015625
"455",7880.298828125
"456",7092.13037109375
"457",12626.7021484375
"458",4333.28857421875
"459",2597.23706054688
"460",13529.982421875
"461",2536.17797851562
"462",8988.6171875
"463",4816.892578125
"464",10799.6494140625
"465",12163.33203125
"466",11282.998046875
"467",3354.94775390625
"468",19818.9140625
"469",5928.27587890625
"470",11924.78125
"471",8831.9599609375
"472",19391.880859375
"473",17093.07421875
"474",4153.73486328125
"475",11050.357421875
"476",2514.24926757812
"477",3366.0068359375
"478",23808.015625
"479",2512.30883789062
"480",2756.07885742188
"481",2907.22900390625
"482",3393.16040039062
"483",8374.7529296875
"484",5150.1630859375
"485",9054.74609375
"486",4398.42578125
"487",10183.5869140625
"488",9535.09765625
"489",3631.89184570312
"490",3017.24536132812
"491",4343.685546875
"492",8391.2216796875
"493",5714.93994140625
"494",12225.8681640625
"495",5239.89599609375
"496",4989.69482421875
"497",2456.44018554688
"498",6823.16748046875
"499",6141.6591796875
"500",5012.91357421875
"501",3568.3916015625
"502",13897.7666015625
"503",5226.3505859375
"504",6737.7255859375
"505",18387.369140625
"506",3598.10375976562
"507",2686.388671875
"508",6985.70361328125
"509",4987.28662109375
"510",5472.20703125
"511",5422.74267578125
"512",5422.24755859375
"513",9145.716796875
"514",10187.912109375
"515",8542.203125
"516",2014.72961425781
"517",2571.10766601562
"518",5024.84716796875
"519",5841.177734375
"520",7841.99267578125
"521",5841.177734375
"522",2514.76953125
"523",5233.1953125
"524",3007.05126953125
"525",5586.45068359375
"526",5971.44970703125
"527",4810.68212890625
"528",8542.2822265625
"529",2937.98168945312
"530",16735.3203125
"531",3637.68627929688
"532",2437.04125976562
"533",6546.9443359375
"534",9965.51953125
"535",5309.45458984375
"536",4688.0615234375
"537",11363.19921875
"538",5384.326171875
"539",9558.9794921875
"540",6744.29541015625
"541",6592.26513671875
"542",5551.0791015625
"543",8466.080078125
"544",19607.447265625
"545",5546.87451171875
"546",11599.6337890625
"547",11443.0087890625
"548",6190.24169921875
"549",3810.29174804688
"550",10882.875
"551",4191.1083984375
"552",4073.68603515625
"553",3235.583984375
"554",11606.396484375
"555",7514.46875
"556",6046.45068359375
"557",5052.109375
"558",26205.78515625
"559",4581.5458984375
"560",13430.060546875
"561",7598.8857421875
"562",9496.8759765625
"563",18623.109375
"564",5250.126953125
"565",7476.703125
"566",4770.69189453125
"567",7694.31884765625
"568",4971.03173828125
"569",4794.36962890625
"570",13480.083984375
"571",10654.091796875
"572",12513.0244140625
"573",7281.5068359375
"574",3307.5400390625
"575",18836.591796875
"576",15788.7646484375
"577",2893.68334960938
"578",3124.4609375
"579",10411.8515625
"580",7465.14501953125
"581",4981.390625
"582",2508.55395507812
"583",4351.94140625
"584",2787.71752929688
"585",2609.91796875
"586",9952.4853515625
"587",2783.83203125
"588",3316.52807617188
"589",3533.3466796875
"590",4953.169921875
"591",5215.56640625
"592",8195.74609375
"593",2839.00903320312
"594",3952.59765625
"595",4507.578125
"596",16985.291015625
"597",4942.93603515625
"598",5753.74365234375
"599",16444.17578125
"600",19602.333984375
"601",16189.5166015625
"602",13727.015625
"603",8725.5830078125
"604",3688.30004882812
"605",16186.802734375
"606",2868.69580078125
"607",3337.45458984375
"608",2905.46752929688
"609",13353.4912109375
"610",9924.6337890625
"611",12159.2412109375
"612",10664.1552734375
"613",16382.7109375
"614",10554.646484375
"615",6727.7509765625
"616",14562.044921875
"617",15417.2197265625
"618",4654.52880859375
"619",3556.2373046875
"620",3933.955078125
"621",7609.93017578125
"622",2614.103515625
"623",5017.86865234375
"624",3706.22094726562
"625",5863.06884765625
"626",2589.23828125
"627",4969.43994140625
"628",16986.470703125
"629",4647.17724609375
"630",3309.89306640625
"631",7050.296875
"632",7529.951171875
"633",8529.6611328125
"634",4386.0029296875
"635",10287.54296875
"636",5249.0244140625
"637",3754.55810546875
"638",6094.5869140625
"639",6388.52490234375
"640",2949.0458984375
"641",4097.60791015625
"642",13089.07421875
"643",16084.5439453125
"644",3149.546875
"645",4564.27197265625
"646",3010.97436523438
"647",17491.521484375
"648",4411.58642578125
"649",2702.18823242188
"650",6834.39794921875
"651",8084.3798828125
"652",2403.10717773438
"653",21061.75
"654",4738.19189453125
"655",5608.52099609375
"656",15716.3828125
"657",8859.85546875
"658",4248.65185546875
"659",5153.33154296875
"660",11023.7373046875
"661",3170.94262695312
"662",6801.25
"663",10948.0947265625
"664",5447.4072265625
"665",9337.240234375
"666",5110.818359375
"667",6677.166015625
"668",5511.91943359375
"669",14568.001953125
"670",17011.513671875
"671",7442.14306640625
"672",7910.69580078125
"673",10918.3681640625
"674",4784.77880859375
"675",16377.576171875
"676",11815.5966796875
"677",7427.4248046875
"678",8364.6689453125
"679",4362.0751953125
"680",4357.20458984375
"681",4420.17822265625
"682",2571.10766601562
"683",2735.96069335938
"684",10964.3115234375
"685",12146.279296875
"686",14390.7421875
"687",2827.96923828125
"688",15746.525390625
"689",2715.859375
"690",19209.5078125
"691",4651.36767578125
"692",19333.537109375
"693",4909.63525390625
"694",3149.546875
"695",12274.0146484375
"696",9205.626953125
"697",5452.89794921875
"698",10902.935546875
"699",3098.06298828125
"700",11259.78515625
"701",2762.2451171875
"702",15639.396484375
"703",10702.6171875
"704",12484.6787109375
"705",3238.37524414062
"706",7558.76025390625
"707",8694.3916015625
"708",9253.3857421875
"709",2643.54638671875
"710",10838.84765625
"711",3124.4609375
"712",3186.6865234375
"713",13709.42578125
"714",4604.48828125
"715",2711.26318359375
"716",20028.875
"717",5805.12060546875
"718",2294.68530273438
"719",3270.57177734375
"720",4148.81640625
"721",13958.7744140625
"722",19754.48828125
"723",19434.08984375
"724",5934.1787109375
"725",10239.236328125
"726",5501.54541015625
"727",16951.4921875
"728",4886.537109375
"729",13468.8388671875
"730",9536.34375
"731",5314.6640625
"732",2569.2744140625
"733",1841.01501464844
"734",4220.88232421875
"735",18171.484375
"736",15832.1845703125
"737",7779.1806640625
"738",11975.8857421875
"739",26155.6953125
"740",7921.38818359375
"741",12728.060546875
"742",8094.5361328125
"743",9737.1103515625
"744",5303.33837890625
"745",2906.49926757812
"746",3534.037109375
"747",20486.9453125
"748",5287.35205078125
"749",11555.947265625
"750",2829.85131835938
"751",4472.0625
"752",10063.7109375
"753",12093.5244140625
"754",2217.89672851562
"755",4985.17626953125
"756",4462.64794921875
"757",3033.73681640625
"758",16092.9521484375
"759",9618.59765625
"760",5864.18798828125
"761",14821.4150390625
"762",5202.806640625
"763",4710.52197265625
"764",5524.5595703125
"765",2669.63525390625
"766",2852.22705078125
"767",3206.46923828125
"768",4289.17431640625
"769",12186.4208984375
"770",5022.2060546875
"771",7027.7353515625
"772",2309.74951171875
"773",2518.2763671875
"774",8563.478515625
"775",2338.0537109375
"776",16306.556640625
"777",2629.3193359375
"778",5475.89599609375
"779",8843.607421875
"780",9048.732421875
"781",13770.5439453125
"782",4417.50634765625
"783",3090.80322265625
"784",2556.44360351562
"785",9332.1201171875
"786",13641.982421875
"787",4442.69384765625
"788",7765.16259765625
"789",2766.23095703125
"790",14792.5791015625
"791",11312.03515625
"792",6699.6474609375
"793",6369.54736328125
"794",2589.32177734375
"795",5262.6708984375
"796",17443.560546875
"797",2845.31860351562
"798",8545.890625
"799",8977.0078125
"800",5689.88037109375
"801",4325.04541015625
"802",5117.3359375
"803",9595.806640625
"804",6753.27978515625
"805",5721.4033203125
"806",5309.04541015625
"807",2664.21459960938
"808",5675.36962890625
"809",5293.94921875
"810",6052.55078125
"811",9606.6962890625
"812",9362.7099609375
"813",8823
"814",4045.17065429688
"815",21807.154296875
"816",6629.70751953125
"817",13744.11328125
"818",8645.6904296875
"819",5314.85498046875
"820",8246.0439453125
"821",3728.25048828125
"822",9314.8623046875
"823",3375.06665039062
"824",5357.982421875
"825",2808.9697265625
"826",7681.95751953125
"827",5046.7958984375
"828",6811.07763671875
"829",3013.32153320312
"830",4245.30126953125
"831",5327.11962890625
"832",7272.8427734375
"833",5467.58984375
"834",4630.47802734375
"835",4258.748046875
"836",2576.2978515625
"837",10395.056640625
"838",17877.54296875
"839",9211.763671875
"840",2765.66381835938
"841",13395.81640625
"842",3037.35327148438
"843",5430.00146484375
"844",2997.10302734375
"845",5410.4541015625
"846",12452.80859375
"847",6074.798828125
"848",3518.68920898438
"849",4182.3271484375
"850",3095.80297851562
"851",5813.83642578125
"852",2281.44506835938
"853",6764.279296875
"854",14402.9267578125
"855",5421.60498046875
"856",13274.515625
"857",15001.0478515625
"858",7132.55322265625
"859",3872.40258789062
"860",9815.9052734375
"861",8831.857421875
"862",6383.08935546875
"863",4093.1025390625
"864",5440.75830078125
"865",13462.75390625
"866",4803.52978515625
"867",3636.1572265625
"868",6400.56494140625
"869",4248.65185546875
"870",15514.4736328125
"871",2278.86474609375
"872",3859.49072265625
"873",24061.09375
"874",5844.88525390625
"875",7324.6669921875
"876",14263.1474609375
"877",4804.498046875
"878",8897.134765625
"879",2243.42895507812
"880",5381.17431640625
"881",14174.7666015625
"882",10236.115234375
"883",12382.44140625
"884",13709.42578125
"885",4037.97192382812
"886",3803.69702148438
"887",10482.130859375
"888",14821.8544921875
"889",4485.638671875
"890",9336.8740234375
"891",8106.3173828125
"892",14531.2265625
"893",5083.37744140625
"894",12849.103515625
"895",15885.5302734375
"896",18382.947265625
"897",3302.40747070312
"898",4376.5263671875
"899",9870.1943359375
"900",4295.3720703125
"901",3633.177734375
"902",2629.98193359375
"903",25385.19921875
"904",12688.1123046875
"905",11969.9580078125
"906",5324.30859375
"907",5907.80712890625
"908",7731.837890625
"909",21678.4140625
"910",6363.58349609375
"911",4555.27392578125
"912",2297.41015625
"913",8144.84130859375
"914",5475.89599609375
"915",4867.5400390625
"916",2333.63134765625
"917",5195.923828125
"918",2834.52856445312
"919",14194.837890625
"920",4623.86181640625
"921",5436.30810546875
"922",5504.40234375
"923",11577.646484375
"924",6227.76708984375
"925",7112.810546875
"926",12702.4208984375
"927",5662.33154296875
"928",16503.455078125
"929",5554.07421875
"930",2183.85278320312
"931",5415.18359375
"932",5192.64697265625
"933",8016.97509765625
"934",8082.91162109375
"935",2812.2001953125
"936",5726.03955078125
"937",2720.12426757812
"938",11008.2158203125
"939",5456.7607421875
"940",9508.39453125
"941",4519.17578125
"942",4894.166015625
"943",2977.51904296875
"944",5554.07421875
"945",10239.263671875
"946",9574.8623046875
"947",3763.07153320312
"948",3175.80029296875
"949",15278.8291015625
"950",5411.56982421875
"951",14000.625
"952",2544.30517578125
"953",6535.38525390625
"954",2607.13891601562
"955",3318.4951171875
"956",9021.962890625
"957",6251.50732421875
"958",5301.427734375
"959",3124.4609375
"960",12476.875
"961",18376.958984375
"962",22835.33203125
"963",2710.8759765625
"964",5574.48828125
"965",8510.4462890625
"966",12123.482421875
"967",15329.93359375
"968",6780.8427734375
"969",17682.74609375
"970",13096.9384765625
"971",13107.4580078125
"972",11677.9765625
"973",11516.4951171875
"974",5474.52783203125
"975",7308.70361328125
"976",17481.328125
"977",2627.79736328125
"978",5552.04443359375
"979",10667.2783203125
"980",6222.7138671875
"981",5339.18017578125
"982",4603.4072265625
"983",16624.337890625
"984",6510.37841796875
"985",4900.49658203125
"986",17408.5703125
"987",5137.96923828125
"988",15897.103515625
"989",9065.9130859375
"990",3355.9228515625
"991",10059.51171875
"992",8892.6484375
"993",14562.044921875
"994",4979.05224609375
"995",4507.7998046875
"996",4699.66064453125
"997",4872.95849609375
"998",4849.2890625
"999",4273.3828125
"1000",6398.1435546875
"1001",11355.4384765625
"1002",5676.3466796875
"1003",5339.17822265625
"1004",2722.396484375
"1005",10800.41796875
"1006",8096.23828125
"1007",5017.23583984375
"1008",2693.70581054688
"1009",2756.50341796875
"1010",5837.0458984375
"1011",9219.5576171875
"1012",24444.76953125
"1013",8604.6279296875
"1014",9210.6171875
"1015",9095.75390625
"1016",2739.5498046875
"1017",2738.47216796875
"1018",4891.73388671875
"1019",3339.76171875
"1020",20328.630859375
"1021",6784.7275390625
"1022",8116.267578125
"1023",2462.75390625
"1024",4248.65185546875
"1025",4891.73388671875
"1026",11468.798828125
"1027",13350.7841796875
"1028",2677.3388671875
"1029",3502.02368164062
"1030",4168.240234375
"1031",6785.794921875
"1032",4321.837890625
"1033",2463.4345703125
"1034",4325.04541015625
"1035",3749.02392578125
"1036",9599.9130859375
"1037",19431.876953125
"1038",4234.98974609375
"1039",15692.6875
"1040",9931.6494140625
"1041",5262.68212890625
"1042",5466.73876953125
"1043",4537.47265625
"1044",6890.76416015625
"1045",21988.041015625
"1046",2001.24145507812
"1047",5628.12353515625
"1048",4816.529296875
"1049",9535.09765625
"1050",13461.3701171875
"1051",2588.80859375
"1052",5647.8125
"1053",4389.46728515625
"1054",2217.25732421875
"1055",10358.90625
"1056",13581.2529296875
"1057",4750.43212890625
"1058",3510.60571289062
"1059",5949.796875
"1060",14374.4921875
"1061",2636.80517578125
"1062",15130.6865234375
"1063",5440.69580078125
"1064",11304.85546875
"1065",5210.4384765625
"1066",2580.52612304688
"1067",9441.6328125
"1068",6564.51806640625
"1069",12012.525390625
"1070",16516.8046875
"1071",4599.21484375
"1072",5949.796875
"1073",2598.67993164062
"1074",4385.91650390625
"1075",9925.390625
"1076",2873.54541015625
"1077",4662.119140625
"1078",13584.927734375
"1079",7064.333984375
"1080",5395.517578125
"1081",9243.8125
"1082",4974.39892578125
"1083",16862.130859375
"1084",2519.49584960938
"1085",6942.47900390625
"1086",3106.80688476562
"1087",5563.923828125
"1088",18889.451171875
"1089",15091.3994140625
"1090",3394.90112304688
"1091",4062.11181640625
"1092",5106.64306640625
"1093",4981.390625
"1094",17719.958984375
"1095",4137.71875
"1096",2892.0791015625
"1097",3312.451171875
"1098",4932.11962890625
"1099",13506.0380859375
"1100",8434.072265625
"1101",2288.3916015625
"1102",10347.1923828125
"1103",2595.037109375
"1104",6007.7294921875
"1105",4752.837890625
"1106",4835.41748046875
"1107",4999.9267578125
"1108",17181.466796875
"1109",5302.3798828125
"1110",16474.771484375
"1111",4763.0556640625
"1112",7415.59033203125
"1113",3127.78662109375
"1114",2578.67504882812
"1115",5403.9453125
"1116",9678.76953125
"1117",5100.2470703125
"1118",8798.126953125
"1119",9241.958984375
"1120",10384.58984375
"1121",5137.80029296875
"1122",2494.12280273438
"1123",10583.0322265625
"1124",4344.16845703125
"1125",4817.8056640625
"1126",8451.685546875
"1127",5043.125
"1128",2914.3671875
"1129",5074.85498046875
"1130",19474.142578125
"1131",5788.16552734375
"1132",2674.1923828125
"1133",8245.087890625
"1134",3300.53271484375
"1135",13356.07421875
"1136",4939.5107421875
"1137",4091.2333984375
"1138",6288.50927734375
"1139",5551.0927734375
"1140",12626.7021484375
"1141",7647.58349609375
"1142",9755.900390625
"1143",8034.27197265625
"1144",7441.96630859375
"1145",2436.91040039062
"1146",15604.2529296875
"1147",3524.49829101562
"1148",4476.9814453125
"1149",16331.376953125
"1150",5493.93798828125
"1151",7860.19580078125
"1152",13804.021484375
"1153",2526.1005859375
"1154",7850.24755859375
"1155",13783.2353515625
"1156",4376.6650390625
"1157",4780.69775390625
"1158",10630.5771484375
"1159",2883.99536132812
"1160",2892.43798828125
"1161",6693.7822265625
"1162",9241.390625
"1163",8981.591796875
"1164",8874.056640625
"1165",9836.783203125
"1166",7434.763671875
"1167",4900.49658203125
"1168",2801.00634765625
"1169",4017.861328125
"1170",14522.8896484375
"1171",8265.224609375
"1172",8717.46484375
"1173",7594.4111328125
"1174",3129.35693359375
"1175",4664.38525390625
"1176",19054.009765625
"1177",6653.91796875
"1178",7693.12060546875
"1179",12059.99609375
"1180",7635.28076171875
"1181",4623.3037109375
"1182",2967.69653320312
"1183",7934.0634765625
"1184",10838.84765625
"1185",2831.947265625
"1186",3409.4052734375
"1187",4808.51318359375
"1188",10203.6494140625
"1189",2865.26245117188
"1190",5340.90966796875
"1191",4623.11474609375
"1192",5358.57861328125
"1193",5837.66943359375
"1194",4812.82080078125
"1195",8861.646484375
"1196",2739.5498046875
"1197",11996.0830078125
"1198",11255.5224609375
"1199",15534.8388671875
"1200",5895.27880859375
"1201",12877.72265625
"1202",14346.4560546875
"1203",6325.26708984375
"1204",3805.71557617188
"1205",6492.72265625
"1206",4047.1044921875
"1207",5294.83349609375
"1208",2184.50146484375
"1209",5652.3037109375
"1210",2457.5615234375
"1211",17374.625
"1212",2395.060546875
"1213",17463.017578125
"1214",6274.6845703125
"1215",2644.94213867188
"1216",9021.962890625
"1217",3572.72705078125
"1218",3663.39379882812
"1219",17923.50390625
"1220",14817.65234375
"1221",5506.861328125
"1222",3905.091796875
"1223",10838.84765625
"1224",22487.037109375
"1225",4368.1005859375
"1226",2366.9228515625
"1227",3306.25927734375
"1228",3810.93090820312
"1229",4772.60986328125
"1230",4406.32373046875
"1231",8531.806640625
"1232",9890.1796875
"1233",10411.8515625
"1234",3985.5888671875
"1235",2671.5029296875
"1236",4497.15283203125
"1237",14817.65234375
"1238",10674.4130859375
"1239",12514.6259765625
"1240",11206.876953125
"1241",6431.50830078125
"1242",2307.08935546875
"1243",6418.02978515625
"1244",5464.83447265625
"1245",11519.009765625
"1246",6814.72412109375
"1247",4964.03173828125
"1248",5580.77685546875
"1249",5065.9267578125
"1250",3797.09301757812
"1251",2739.5498046875
"1252",5917.611328125
"1253",5398.49755859375
"1254",3921.4248046875
"1255",5222.67724609375
"1256",2620.64086914062
"1257",11968.625
"1258",5015.06298828125
"1259",2229.43017578125
"1260",9550.595703125
"1261",6359.0537109375
"1262",6777.02587890625
"1263",4582.810546875
"1264",4243.45263671875
"1265",6915.51708984375
"1266",13133.484375
"1267",7469.1572265625
"1268",7114.18212890625
"1269",4651.43798828125
"1270",10911.228515625
"1271",17837.158203125
"1272",3894.111328125
"1273",6204.87841796875
"1274",2802.58227539062
"1275",9317.9609375
"1276",10108.421875
"1277",6020.70068359375
"1278",17202.28125
"1279",17578.603515625
"1280",12146.5712890625
"1281",7546.1025390625
"1282",5010.2216796875
"1283",8484.0595703125
"1284",8416.03125
"1285",7508.91552734375
"1286",17169.53125
"1287",5987.04248046875
"1288",2312.40087890625
"1289",12702.4208984375
"1290",23898.578125
"1291",9278.3798828125
"1292",9535.09765625
"1293",6528.224609375
"1294",2267.67407226562
"1295",13021.6884765625
"1296",5530.92578125
"1297",3136.84790039062
"1298",12672.0322265625
"1299",12875.2294921875
"1300",6366.83154296875
"1301",6577.91748046875
"1302",4120.81201171875
"1303",13593.8955078125
"1304",2440.81640625
"1305",15159.8408203125
"1306",5607.34228515625
"1307",2706.2158203125
"1308",10562.0478515625
"1309",2400.27490234375
"1310",8011.54345703125
"1311",4991.00830078125
"1312",7663.88427734375
"1313",7613.251953125
"1314",5403.18408203125
"1315",4380.79248046875
"1316",4616.322265625
"1317",18841.451171875
"1318",8985.6318359375
"1319",4168.240234375
"1320",4618.794921875
"1321",11763.5302734375
"1322",19887.609375
"1323",3009.91381835938
"1324",2708.52734375
"1325",7741.30859375
"1326",9492.8251953125
"1327",2663.21166992188
"1328",2276.46826171875
"1329",23473.73828125
"1330",8200.80078125
"1331",4996.81787109375
"1332",9081.8974609375
"1333",7096.8310546875
"1334",25550.5234375
"1335",10530.6494140625
"1336",11586.0234375
"1337",8165.49560546875
"1338",2373.21069335938
"1339",2623.38403320312
"1340",5372.583984375
"1341",10153.162109375
"1342",4990.33740234375
"1343",2230.55932617188
"1344",17097.443359375
"1345",2660.91186523438
"1346",17402.888671875
"1347",17640.59375
"1348",12787.521484375
"1349",3138.59228515625
"1350",7209.32568359375
"1351",2217.25732421875
"1352",4157.80224609375
"1353",4896.87060546875
"1354",5971.08349609375
"1355",4872.95849609375
"1356",3159.62158203125
"1357",3013.58642578125
"1358",5414.96435546875
"1359",3741.4541015625
"1360",5884.76171875
"1361",4058.400390625
"1362",2931.95776367188
"1363",23347.384765625
"1364",10945.5546875
"1365",4963.3251953125
"1366",3046.89038085938
"1367",4895.5078125
"1368",5390.35400390625
"1369",5301.802734375
"1370",17889.234375
"1371",4179.6865234375
"1372",3696.59912109375
"1373",11223.302734375
"1374",13380.5439453125
"1375",5848.36474609375
"1376",9049.009765625
"1377",3859.49072265625
"1378",18377.603515625
"1379",2135.16381835938
"1380",8281.3701171875
"1381",9079.0556640625
"1382",8532.64453125
"1383",19216.34765625
"1384",3995.7236328125
"1385",2465.06640625
"1386",5831.35107421875
"1387",5583.625
"1388",3663.39379882812
"1389",7731.837890625
"1390",3093.93579101562
"1391",4931.1884765625
"1392",11186.130859375
"1393",10573.1884765625
"1394",2049.87475585938
"1395",2367.18237304688
"1396",8378.998046875
"1397",7408.27001953125
"1398",2393.47973632812
"1399",6102.205078125
"1400",2395.74291992188
"1401",4118.37890625
"1402",10982.1533203125
"1403",3152.46411132812
"1404",2234.87451171875
"1405",12574.4306640625
"1406",5964.22216796875
"1407",2836.69091796875
"1408",6152.30712890625
"1409",2670.17626953125
"1410",9694.859375
"1411",1977.19787597656
"1412",5613.16552734375
"1413",9215.763671875
"1414",3725.63012695312
"1415",4578.82666015625
"1416",15471.4658203125
"1417",6105.39208984375
"1418",6378.6044921875
"1419",4151.353515625
"1420",11476.9443359375
"1421",6678.73046875
"1422",5583.39013671875
"1423",9423.431640625
"1424",10254.185546875
"1425",14334.8271484375
"1426",14167.0537109375
"1427",8442.595703125
"1428",4002.98071289062
"1429",7860.4462890625
"1430",8449.322265625
"1431",16122.26171875
"1432",5088.51611328125
"1433",2289.63452148438
"1434",5036.580078125
"1435",5067.15869140625
"1436",4659.71337890625
"1437",2444.83227539062
"1438",4402.87548828125
"1439",3988.28979492188
"1440",2189.21875
"1441",11023.90234375
"1442",20018.40234375
"1443",25385.19921875
"1444",5626.09521484375
"1445",25567.79296875
"1446",1793.72387695312
"1447",2429.6533203125
"1448",9819.7080078125
"1449",8936.1533203125
"1450",2790.20092773438
"1451",16913.3125
"1452",13268.12890625
"1453",3425.90771484375
"1454",13089.07421875
"1455",19220.84375
"1456",4233.4228515625
"1457",10481.1728515625
"1458",9646.8525390625
"1459",17313.248046875
"1460",13654.603515625
"1461",9007.228515625
"1462",2639.94140625
"1463",13895.3125
"1464",3129.35693359375
"1465",19212.208984375
"1466",2924.43188476562
"1467",10913.1796875
"1468",13452.646484375
"1469",2535.28149414062
"1470",20548.021484375
"1471",3048.53173828125
"1472",13143.9775390625
"1473",5521.13134765625
"1474",18384.630859375
"1475",11055.3642578125
"1476",10293.80078125
"1477",9978.3564453125
"1478",3167.79321289062
"1479",12051.78515625
"1480",2905.23071289062
"1481",6254.8955078125
"1482",3934.5224609375
"1483",7014.07421875
"1484",8981.80859375
"1485",15101.4951171875
"1486",4896.87060546875
"1487",4057.00805664062
"1488",1849.8193359375
"1489",3966.67993164062
"1490",15727.50390625
"1491",7292.23193359375
"1492",3431.91333007812
"1493",8318.953125
"1494",2515.275390625
"1495",16661.373046875
"1496",5210.3154296875
"1497",4556.8837890625
"1498",4341.73046875
"1499",5670.24609375
"1500",2580.45654296875
"1501",8366.8291015625
"1502",9723.5927734375
"1503",2712.69995117188
"1504",10838.84765625
"1505",4768.86083984375
"1506",15163.5263671875
"1507",6885.28564453125
"1508",12108.037109375
"1509",11645.21484375
"1510",6988.95947265625
"1511",6847.47412109375
"1512",12015.4453125
"1513",3133.642578125
"1514",14607.8173828125
"1515",12302.2607421875
"1516",5807.4521484375
"1517",12339.0732421875
"1518",5202.806640625
"1519",14672.3798828125
"1520",5418.021484375
"1521",5501.3115234375
"1522",13797.03515625
"1523",14890.119140625
"1524",6085.876953125
"1525",8598.1337890625
"1526",4450.603515625
"1527",5475.89599609375
"1528",6754.4365234375
"1529",17112.359375
"1530",12508.7431640625
"1531",10831.5302734375
"1532",5045.7080078125
"1533",3162.15673828125
"1534",3882.2578125
"1535",11730.94921875
"1536",10941.419921875
"1537",7574.6865234375
"1538",4753.876953125
"1539",16157.3525390625
"1540",4685.03076171875
"1541",12790.021484375
"1542",20308.08203125
"1543",4646.16845703125
"1544",2046.51647949219
"1545",24248.248046875
"1546",5650.37109375
"1547",16790.19921875
"1548",2306.86401367188
"1549",8655.1611328125
"1550",4815.72509765625
"1551",15885.5302734375
"1552",12850.1982421875
"1553",6019.29248046875
"1554",3455.15014648438
"1555",13306.666015625
"1556",3568.755859375
"1557",5324.9384765625
"1558",15299.134765625
"1559",2712.19165039062
"1560",12389.6923828125
"1561",18940.962890625
"1562",14310.529296875
"1563",11262.3994140625
"1564",13923.9814453125
"1565",8680.8662109375
"1566",10188.6669921875
"1567",11582.9423828125
"1568",7940.8818359375
"1569",1963.78576660156
"1570",8680.6591796875
"1571",2213.80615234375
"1572",10512.87890625
"1573",4907.38916015625
"1574",17275.142578125
"1575",16059.1015625
"1576",5165.43310546875
"1577",8493.111328125
"1578",2564.3134765625
"1579",10126.5126953125
"1580",12403.15625
"1581",2663.21166992188
"1582",17115.71875
"1583",9667.541015625
"1584",10078.04296875
"1585",3464.30517578125
"1586",5697.58984375
"1587",10033.189453125
"1588",2547.29052734375
"1589",12352.248046875
"1590",7370.97216796875
"1591",5173.06640625
"1592",4643.1748046875
"1593",3770.94799804688
"1594",10429.88671875
"1595",8815.9560546875
"1596",13038.4697265625
"1597",8155.89892578125
"1598",5730.779296875
"1599",10632.830078125
"1600",15593.9140625
"1601",2620.64086914062
"1602",9309.28515625
"1603",4111.52783203125
"1604",17989.875
"1605",6687.55859375
"1606",20013.8515625
"1607",5407.5537109375
"1608",2856.0400390625
"1609",11095.880859375
"1610",6968.9658203125
"1611",5652.95751953125
"1612",18529.5234375
"1613",2774.57861328125
"1614",5241.2177734375
"1615",2717.6123046875
"1616",4387.13916015625
"1617",7737.96044921875
"1618",5312.1494140625
"1619",3175.80029296875
"1620",6001.5361328125
"1621",5110.818359375
"1622",18904.228515625
"1623",2899.39526367188
"1624",5516.5029296875
"1625",6344.0673828125
"1626",2196.88232421875
"1627",14637.40234375
"1628",8307.5849609375
"1629",2359.24243164062
"1630",6173.88134765625
"1631",22745.232421875
"1632",6323.09716796875
"1633",4770.85302734375
"1634",4383.041015625
"1635",7597.30322265625
"1636",8843.3037109375
"1637",5153.0673828125
"1638",5837.66943359375
"1639",13670.9423828125
"1640",2294.68530273438
"1641",6860.05517578125
"1642",4312.68798828125
"1643",9151.11328125
"1644",11402.9501953125
"1645",6058.1767578125
"1646",9809.951171875
"1647",3230.45092773438
"1648",1969.58947753906
"1649",9114.28125
"1650",15653.673828125
"1651",12351.1787109375
"1652",2334.91064453125
"1653",10134.7294921875
"1654",2862.9775390625
"1655",2174.83203125
"1656",15494.658203125
"1657",6626.3759765625
"1658",3756.171875
"1659",14861.373046875
"1660",2897.0283203125
"1661",2415.04614257812
"1662",15093.76953125
"1663",8105.16455078125
"1664",3362.16455078125
"1665",13727.6298828125
"1666",10883.2666015625
"1667",8973.5
"1668",8274.2568359375
"1669",3229.09545898438
"1670",11442.0830078125
"1671",8294.595703125
"1672",7116.8173828125
"1673",5019.49951171875
"1674",1935.31115722656
"1675",5463.203125
"1676",3011.23095703125
"1677",7414.21533203125
"1678",8956.1669921875
"1679",22084.482421875
"1680",4281.181640625
"1681",2472.4345703125
"1682",5074.41357421875
"1683",13383.8466796875
"1684",11298.8681640625
"1685",10389.26953125
"1686",5229.02587890625
"1687",13303.1015625
"1688",10157.97265625
"1689",5418.32080078125
"1690",2514.76953125
"1691",5320.09375
"1692",5724.943359375
"1693",15020.6669921875
"1694",2306.10595703125
"1695",3152.19116210938
"1696",6058.1767578125
"1697",3608.89208984375
"1698",2766.39721679688
"1699",5517.7900390625
"1700",6788.90576171875
"1701",5601.78173828125
"1702",3921.51049804688
"1703",5949.60107421875
"1704",5633.03271484375
"1705",8988.3916015625
"1706",2240.68872070312
"1707",5139.521484375
"1708",10347.05859375
"1709",13416.0498046875
"1710",2393.515625
"1711",3451.30859375
"1712",4350.38427734375
"1713",4782.015625
"1714",8156.8447265625
"1715",11047.111328125
"1716",18366.51953125
"1717",4426.1962890625
"1718",24802.05078125
"1719",10993.0673828125
"1720",13170.244140625
"1721",5144.6103515625
"1722",6200.24755859375
"1723",10769.90234375
"1724",10399.021484375
"1725",15804.298828125
"1726",3498.17504882812
"1727",8609.0751953125
"1728",5455.13818359375
"1729",2475.560546875
"1730",2342.0732421875
"1731",20616.552734375
"1732",9666.0126953125
"1733",15206.646484375
"1734",3129.35693359375
"1735",5155.923828125
"1736",6230.81201171875
"1737",4932.34130859375
"1738",9027.3896484375
"1739",13400.232421875
"1740",9170.037109375
"1741",3216.05688476562
"1742",5708.4423828125
"1743",7894.5068359375
"1744",5068.25341796875
"1745",2714.99658203125
"1746",20314.916015625
"1747",5329.86962890625
"1748",6418.02978515625
"1749",7252.98193359375
"1750",10132.283203125
"1751",11104.20703125
"1752",3389.03588867188
"1753",5276.890625
"1754",9141.1142578125
"1755",5523.89306640625
"1756",7832.10888671875
"1757",5505.20166015625
"1758",4513.83544921875
"1759",4091.2333984375
"1760",12660.2685546875
"1761",2659.27026367188
"1762",16553.11328125
"1763",5629.3681640625
"1764",11781.3857421875
"1765",3149.546875
"1766",5184.4638671875
"1767",8640.5302734375
"1768",6282.6962890625
"1769",2883.0126953125
"1770",3752.10473632812
"1771",7993.0126953125
"1772",4539.12109375
"1773",8542.2822265625
"1774",9725.0263671875
"1775",8831.7119140625
"1776",4027.35620117188
"1777",3598.10375976562
"1778",11968.625
"1779",3689.4462890625
"1780",16607.263671875
"1781",19572.30078125
"1782",5554.07421875
"1783",4371.3994140625
"1784",3957.64501953125
"1785",4416.1279296875
"1786",3849.77807617188
"1787",2875.21215820312
"1788",8985.6689453125
"1789",8383.208984375
"1790",2676.67749023438
"1791",5011.810546875
"1792",12611.9150390625
"1793",2301.64184570312
"1794",12746.947265625
"1795",2612.93115234375
"1796",6883.26416015625
"1797",4308.22900390625
"1798",20628.640625
"1799",7832.10888671875
"1800",2825.84814453125
"1801",2459.2177734375
"1802",4141.59912109375
"1803",20486.9453125
"1804",2897.49853515625
"1805",18649.626953125
"1806",19273.2578125
"1807",3509.34912109375
"1808",2755.6806640625
"1809",12300.380859375
"1810",11708.1650390625
"1811",7378.97265625
"1812",9599.251953125
"1813",7493.54443359375
"1814",7505.1689453125
"1815",2315.283203125
"1816",2642.67504882812
"1817",7756.1826171875
"1818",2386.66430664062
"1819",7824.60107421875
"1820",2452.8017578125
"1821",16098.625
"1822",14764.19140625
"1823",5121.0791015625
"1824",2433.54565429688
"1825",3171.65844726562
"1826",5675.61083984375
"1827",4581.556640625
"1828",14294.744140625
"1829",4017.87524414062
"1830",3041.44213867188
"1831",17306.919921875
"1832",9016.9658203125
"1833",2571.10766601562
"1834",6591.1025390625
"1835",20268.6171875
"1836",2783.45581054688
"1837",3538.19213867188
"1838",3193.52392578125
"1839",8067.2529296875
"1840",5688.78955078125
"1841",3750.40991210938
"1842",5635.53955078125
"1843",5713.64013671875
"1844",12487.515625
"1845",11101.482421875
"1846",8843.607421875
"1847",4274.95556640625
"1848",20486.9453125
"1849",3607.3447265625
"1850",8448.326171875
"1851",6443.74755859375
"1852",9669.236328125
"1853",2346.93212890625
"1854",2774.3486328125
"1855",19267.4609375
"1856",5478.6865234375
"1857",8341.93359375
"1858",4830.4404296875
"1859",3773.51977539062
"1860",16797.93359375
"1861",7372.666015625
"1862",15778.7890625
"1863",26788.4609375
"1864",17902.37890625
"1865",13834.1171875
"1866",10822.7099609375
"1867",11361.46484375
"1868",10533.1396484375
"1869",4467.78271484375
"1870",14263.1474609375
"1871",15232.0361328125
"1872",7788.8173828125
"1873",5945.8681640625
"1874",4565.2392578125
"1875",9849.279296875
"1876",25317.046875
"1877",2712.69995117188
"1878",12580.890625
"1879",6340.703125
"1880",2351.29443359375
"1881",7363.73828125
"1882",5387.9599609375
"1883",5420.72705078125
"1884",2082.33666992188
"1885",7458.85009765625
"1886",8042.75
"1887",6554.9462890625
"1888",5107.3740234375
"1889",5340.76708984375
"1890",4655.62255859375
"1891",2638.12182617188
"1892",3105.51025390625
"1893",8699.2861328125
"1894",8661.28125
"1895",3003.33837890625
"1896",4774.79443359375
"1897",4384.037109375
"1898",9571.7265625
"1899",2256.36889648438
"1900",3997.33374023438
"1901",9890.1796875
"1902",9890.1796875
"1903",4386.51318359375
"1904",20713.697265625
"1905",10920.75390625
"1906",5925.26904296875
"1907",14411.646484375
"1908",8583.3251953125
"1909",4212.1875
"1910",13812.9150390625
"1911",10343.345703125
"1912",3798.29614257812
"1913",14165.8466796875
"1914",3300.32885742188
"1915",2737.33935546875
"1916",9646.8525390625
"1917",6443.2900390625
"1918",6303.083984375
"1919",4387.3642578125
"1920",3529.44482421875
"1921",5067.5654296875
"1922",4418.939453125
"1923",3021.8291015625
"1924",4366.8017578125
"1925",3164.71459960938
"1926",6256.04931640625
"1927",4700.57470703125
"1928",4766.9482421875
"1929",8933.845703125
"1930",3625.62158203125
"1931",5081.29345703125
"1932",2812.28271484375
"1933",4896.87060546875
"1934",2533.87573242188
"1935",12219.037109375
"1936",9646.8525390625
"1937",14525.7900390625
"1938",4863.6279296875
"1939",6425.884765625
"1940",5692.40234375
"1941",4736.4697265625
"1942",4512.75927734375
"1943",6499.8828125
"1944",8988.3916015625
"1945",2710.79956054688
"1946",23473.73828125
"1947",6201.74462890625
"1948",2636.11743164062
"1949",3844.3251953125
"1950",2820.77001953125
"1951",8178.0361328125
"1952",5211.677734375
"1953",5017.86865234375
"1954",3491.55297851562
"1955",3295.6376953125
"1956",10619.5478515625
"1957",2633.77026367188
"1958",3381.24755859375
"1959",8957.5859375
"1960",3999.55249023438
"1961",10819.0087890625
"1962",5228.724609375
"1963",9750.1533203125
"1964",6355.86181640625
"1965",3305.287109375
"1966",16059.1015625
"1967",5663.580078125
"1968",2795.37109375
"1969",5988.916015625
"1970",5068.052734375
"1971",17412.951171875
"1972",13257.548828125
"1973",3185.81884765625
"1974",13967.5234375
"1975",5387.8798828125
"1976",2423.10815429688
"1977",2716.46899414062
"1978",4657.0634765625
"1979",11358.6572265625
"1980",8060.029296875
"1981",4062.095703125
"1982",2876.55517578125
"1983",2415.04614257812
"1984",3472.96142578125
"1985",14781.0576171875
"1986",2081.68017578125
"1987",6020.70068359375
"1988",4682.5673828125
"1989",5022.94384765625
"1990",18571.89453125
"1991",4640.92138671875
"1992",2428.42456054688
"1993",20396.865234375
"1994",6840.6259765625
"1995",3690.044921875
"1996",13038.63671875
"1997",5034.47607421875
"1998",6333.91357421875
"1999",2705.44067382812
"2000",3472.41381835938
"2001",6749.125
"2002",9969.5185546875
"2003",5936.4052734375
"2004",2703.97314453125
"2005",11537.4619140625
"2006",4385.91650390625
"2007",5243.81689453125
"2008",4476.9814453125
"2009",22470.328125
"2010",8933.8544921875
"2011",11039.08203125
"2012",5260.83984375
"2013",5603.18994140625
"2014",2833.87231445312
"2015",4902.59716796875
"2016",6222.7138671875
"2017",2670.994140625
"2018",7560.84765625
"2019",9526.55078125
"2020",5949.796875
"2021",15504.8583984375
"2022",2532.33935546875
"2023",7979.16162109375
"2024",4963.82568359375
"2025",5524.5595703125
"2026",5474.52783203125
"2027",15516.314453125
"2028",2403.18334960938
"2029",5422.13525390625
"2030",5930.7724609375
"2031",4420.8544921875
"2032",8843.607421875
"2033",6867.9267578125
"2034",25800.017578125
"2035",3446.92504882812
"2036",2207.640625
"2037",5058.48876953125
"2038",6772.306640625
"2039",14934.5869140625
"2040",2294.68530273438
"2041",6303.69091796875
"2042",9184.759765625
"2043",5262.4013671875
"2044",9234.169921875
"2045",8276.6796875
"2046",2127.8994140625
"2047",5256.0673828125
"2048",14819.3935546875
"2049",10609.4462890625
"2050",3798.29614257812
"2051",11273.7119140625
"2052",8984.4716796875
"2053",5479.2890625
"2054",5115.1435546875
"2055",2257.54663085938
"2056",5506.9951171875
"2057",5121.7333984375
"2058",17692.732421875
"2059",7876.00244140625
"2060",5174.02490234375
"2061",5525.43798828125
"2062",19421.224609375
"2063",11636.185546875
"2064",5137.54736328125
"2065",5250.591796875
"2066",5807.24755859375
"2067",8716.052734375
"2068",2549.57421875
"2069",2580.52612304688
"2070",5010.427734375
"2071",2584.62744140625
"2072",5026.70751953125
"2073",4208.77001953125
"2074",2692.25659179688
"2075",7763.64892578125
"2076",8487.541015625
"2077",7066.74267578125
"2078",3019.34790039062
"2079",14332.41015625
"2080",2738.74633789062
"2081",4833.1533203125
"2082",14263.1474609375
"2083",4672.82177734375
"2084",3707.3583984375
"2085",6591.1025390625
"2086",13870.9140625
"2087",8524.6962890625
"2088",7810.42529296875
"2089",7272.0048828125
"2090",8764.50390625
"2091",2453.31811523438
"2092",15804.298828125
"2093",4025.32446289062
"2094",8988.4013671875
"2095",17536.20703125
"2096",7390.16259765625
"2097",4168.240234375
"2098",5034.84228515625
"2099",4094.47509765625
"2100",17736.51171875
"2101",15303.4189453125
"2102",8223.0361328125
"2103",9299.6748046875
"2104",11761.931640625
"2105",20443.9609375
"2106",10948.0732421875
"2107",2320.59033203125
"2108",13840.8447265625
"2109",6149.8330078125
"2110",2413.46704101562
"2111",14623.787109375
"2112",5418.87109375
"2113",4066.43212890625
"2114",9553.8681640625
"2115",13400.232421875
"2116",4009.95239257812
"2117",10534.28515625
"2118",15359.109375
"2119",3663.7724609375
"2120",9170.7509765625
"2121",2590.34765625
"2122",11097.248046875
"2123",3955.70239257812
"2124",6591.1025390625
"2125",4983.001953125
"2126",2786.12109375
"2127",7611.6220703125
"2128",14819.3935546875
"2129",8658.5556640625
"2130",13031.2646484375
"2131",15746.3662109375
"2132",10012.33984375
"2133",4767.18505859375
"2134",6260.0107421875
"2135",8663.2431640625
"2136",19276.4140625
"2137",4997.7451171875
"2138",5410.8466796875
"2139",17246.80859375
"2140",3266.90063476562
"2141",18458.9921875
"2142",5020.06201171875
"2143",8622.15625
"2144",7408.1416015625
"2145",19431.876953125
"2146",6473.29443359375
"2147",3166.62084960938
"2148",3353.03393554688
"2149",4813.72607421875
"2150",2875.92553710938
"2151",12072.5673828125
"2152",14804.2939453125
"2153",4952.66064453125
"2154",15501.99609375
"2155",3744.529296875
"2156",11531.25390625
"2157",3305.287109375
"2158",9328.05859375
"2159",6759.66064453125
"2160",2818.66650390625
"2161",5034.18603515625
"2162",2822.87744140625
"2163",4275.04541015625
"2164",3749.91748046875
"2165",2542.34545898438
"2166",5060.72119140625
"2167",3305.287109375
"2168",16606.115234375
"2169",4880.48291015625
"2170",5662.9970703125
"2171",5971.08349609375
"2172",6418.02978515625
"2173",10842.998046875
"2174",8199.35546875
"2175",5242.46630859375
"2176",5896.52783203125
"2177",4990.2177734375
"2178",4877.5166015625
"2179",7358.8349609375
"2180",21988.041015625
"2181",18019.568359375
"2182",13350.7841796875
"2183",7755.01806640625
"2184",5433.06396484375
"2185",4349.14501953125
"2186",22387.30859375
"2187",14144.1416015625
"2188",12490.4599609375
"2189",3639.16943359375
"2190",2652.88500976562
"2191",5137.357421875
"2192",24123.017578125
"2193",5177.81396484375
"2194",13322.962890625
"2195",13353.4912109375
"2196",12899.4814453125
"2197",6598.81982421875
"2198",8052.35400390625
"2199",21069.970703125
"2200",10297.7353515625
"2201",2874.36865234375
"2202",5536.21630859375
"2203",4386.51318359375
"2204",3530.18627929688
"2205",5616.341796875
"2206",6966.00732421875
"2207",9807.486328125
"2208",20256.298828125
"2209",10031.884765625
"2210",4986.630859375
"2211",9971.9921875
"2212",2400.65209960938
"2213",10682.5634765625
"2214",13889.6845703125
"2215",2209.38061523438
"2216",19215.4296875
"2217",5135.91064453125
"2218",4678.009765625
"2219",11702.361328125
"2220",7546.1025390625
"2221",15020.6669921875
"2222",3603.892578125
"2223",2481.91064453125
"2224",2842.46215820312
"2225",10821.9111328125
"2226",13573.3232421875
"2227",2569.05249023438
"2228",3305.287109375
"2229",4059.5234375
"2230",7649.63916015625
"2231",8240.466796875
"2232",4802.6083984375
"2233",7819.01953125
"2234",7619.2587890625
"2235",9645.8662109375
"2236",2307.3369140625
"2237",5329.00830078125
"2238",13091.9443359375
"2239",5450.50341796875
"2240",13812.9150390625
"2241",3811.54296875
"2242",3565.82373046875
"2243",15189.421875
"2244",4772.31396484375
"2245",3859.49072265625
"2246",2518.25024414062
"2247",6155.47216796875
"2248",2612.97119140625
"2249",2865.07470703125
"2250",9560.9345703125
"2251",2528.64086914062
"2252",2869.67138671875
"2253",12184.0009765625
"2254",5303.3017578125
"2255",2509.48510742188
"2256",5241.677734375
"2257",5603.18994140625
"2258",14280.1396484375
"2259",8988.23046875
"2260",2549.11694335938
"2261",8647.9521484375
"2262",2831.69848632812
"2263",11961.3837890625
"2264",3175.80029296875
"2265",5551.92578125
"2266",7522.70654296875
"2267",4820.99365234375
"2268",6686.6708984375
"2269",7833.31298828125
"2270",12012.4365234375
"2271",2506.775390625
"2272",7465.8154296875
"2273",2420.98193359375
"2274",5444.53564453125
"2275",24584.16015625
"2276",3167.25439453125
"2277",15651.013671875
"2278",2698.1123046875
"2279",11107.9658203125
"2280",6005.052734375
"2281",15456.82421875
"2282",16783.958984375
"2283",4387.64306640625
"2284",12874.6328125
"2285",3596.83813476562
"2286",3661.9013671875
"2287",4862.90576171875
"2288",9274.314453125
"2289",3278.47216796875
"2290",4041.46435546875
"2291",4878.2021484375
"2292",13340.7236328125
"2293",5144.6103515625
"2294",17984.572265625
"2295",2902.76245117188
"2296",4091.64794921875
"2297",2514.76953125
"2298",6327.3291015625
"2299",2423.75341796875
"2300",2346.525390625
"2301",4951.18994140625
"2302",3204.6533203125
"2303",7787.85205078125
"2304",6103.0009765625
"2305",8388.560546875
"2306",13353.4912109375
"2307",6300.48828125
"2308",7542.3193359375
"2309",6100.9853515625
"2310",15521.859375
"2311",5319.607421875
"2312",3740.3701171875
"2313",4662.119140625
"2314",2793.9482421875
"2315",18610.724609375
"2316",9575.1376953125
"2317",14020.9287109375
"2318",13824.8349609375
"2319",7369.04150390625
"2320",5330.791015625
"2321",9681.6171875
"2322",2988.10913085938
"2323",6409.91748046875
"2324",8699.6650390625
"2325",5438.94775390625
"2326",12371.173828125
"2327",12317.220703125
"2328",2955.06762695312
"2329",4840.78759765625
"2330",5695.7158203125
"2331",2447.74072265625
"2332",13098.1416015625
"2333",2533.09252929688
"2334",10393.7001953125
"2335",5418.1005859375
"2336",8463.416015625
"2337",4747.7333984375
"2338",6726.00732421875
"2339",8321.5791015625
"2340",18486.587890625
"2341",6690.478515625
"2342",7228.33251953125
"2343",14208.9951171875
"2344",4872.95849609375
"2345",5622.5107421875
"2346",5622.95849609375
"2347",12124.6513671875
"2348",2385.93603515625
"2349",5355.81689453125
"2350",9903.193359375
"2351",5179.0888671875
"2352",3941.44702148438
"2353",2089.26733398438
"2354",8819.7451171875
"2355",9158.3935546875
"2356",4940.39990234375
"2357",6053.9052734375
"2358",11463.119140625
"2359",4308.22900390625
"2360",9425.0634765625
"2361",2821.1044921875
"2362",14203.4794921875
"2363",4910.82177734375
"2364",2986.13793945312
"2365",8755.5146484375
"2366",4922.97509765625
"2367",2719.1591796875
"2368",12811.234375
"2369",4897.513671875
"2370",4896.65625
"2371",2689.21728515625
"2372",10871.9072265625
"2373",5414.96875
"2374",2736.04418945312
"2375",4308.22900390625
"2376",8283.5556640625
"2377",4947.75927734375
"2378",8735.267578125
"2379",8529.4677734375
"2380",6204.87841796875
"2381",6932.67724609375
"2382",11521.595703125
"2383",11290.7705078125
"2384",21555.169921875
"2385",10313.6435546875
"2386",3984.86108398438
"2387",5070.09912109375
"2388",4347.88916015625
"2389",4598.88427734375
"2390",3062.52978515625
"2391",6269.35546875
"2392",5130.47119140625
"2393",5964.55029296875
"2394",7254.87109375
"2395",4754.24462890625
"2396",11137.39453125
"2397",4904.72607421875
"2398",14001.9052734375
"2399",8116.08056640625
"2400",4977.16796875
"2401",5110.818359375
"2402",4059.5234375
"2403",1565.10693359375
"2404",3007.45751953125
"2405",2902.91723632812
"2406",2986.13793945312
"2407",10085.58203125
"2408",4551.90771484375
"2409",4275.88330078125
"2410",6022.75927734375
"2411",4603.517578125
"2412",12019.197265625
"2413",3933.81494140625
"2414",6694.05419921875
"2415",11742.849609375
"2416",2538.94970703125
"2417",3128.16821289062
"2418",11968.625
"2419",4216.80810546875
"2420",10119.4755859375
"2421",2415.44921875
"2422",5516.33984375
"2423",2360.51733398438
"2424",4562.19921875
"2425",6925.81494140625
"2426",19286.49609375
"2427",4062.095703125
"2428",2788.33276367188
"2429",13124.5908203125
"2430",10560.740234375
"2431",14002.6650390625
"2432",17743.69921875
"2433",12887.033203125
"2434",14784.2294921875
"2435",2675.7490234375
"2436",6076.35888671875
"2437",19558.099609375
"2438",17201.5
"2439",4988.81396484375
"2440",3629.84790039062
"2441",13400.232421875
"2442",3351.5869140625
"2443",3965.951171875
"2444",2502.82275390625
"2445",5524.5595703125
"2446",5626.791015625
"2447",2681.39111328125
"2448",7688.05224609375
"2449",5022.94384765625
"2450",4932.11962890625
"2451",4606.548828125
"2452",6496.72509765625
"2453",15154.0302734375
"2454",7680.29345703125
"2455",10016.107421875
"2456",5110.818359375
"2457",4948.45703125
"2458",2553.1826171875
"2459",21148.505859375
"2460",4545.705078125
"2461",3377.76293945312
"2462",4991.9677734375
"2463",12033.783203125
"2464",6008.38623046875
"2465",14633.9111328125
"2466",2295.39306640625
"2467",13561.93359375
"2468",8966.8525390625
"2469",4776.54052734375
"2470",14453.740234375
"2471",10542.220703125
"2472",2655.19750976562
"2473",9023.4755859375
"2474",2705.81591796875
"2475",5560.01025390625
"2476",6457.15673828125
"2477",2717.03198242188
"2478",3437.80029296875
"2479",8896.3271484375
"2480",14562.044921875
"2481",11587.7333984375
"2482",9222.322265625
"2483",2957.982421875
"2484",3420.15795898438
"2485",2792.59252929688
"2486",5209.38818359375
"2487",12404.7666015625
"2488",6455.58740234375
"2489",2795.33129882812
"2490",3626.48217773438
"2491",5183.36328125
"2492",3982.09790039062
"2493",5262.4013671875
"2494",3729.81176757812
"2495",2473.39233398438
"2496",7151.22021484375
"2497",3127.6259765625
"2498",4576.18212890625
"2499",15861.86328125
"2500",4618.794921875
"2501",6222.7138671875
"2502",3164.29150390625
"2503",5983.5966796875
"2504",15456.82421875
"2505",16308.5703125
"2506",9367.19921875
"2507",10071.8017578125
"2508",15272.771484375
"2509",2503.06079101562
"2510",3061.40307617188
"2511",2690.4833984375
"2512",4865.31640625
"2513",3085.17260742188
"2514",4420.17822265625
"2515",4922.97509765625
"2516",12750.4326171875
"2517",5921.1025390625
"2518",4748.9697265625
"2519",8674.5498046875
"2520",4749.82470703125
"2521",2589.96215820312
"2522",2645.64013671875
"2523",5165.52587890625
"2524",2982.70654296875
"2525",2542.34692382812
"2526",4290.9189453125
"2527",12336.435546875
"2528",4667.05517578125
"2529",12581.5673828125
"2530",5153.55712890625
"2531",5330.8408203125
"2532",2427.93896484375
"2533",3945.99389648438
"2534",5169.46240234375
"2535",2909.86645507812
"2536",17776.34765625
"2537",15407.423828125
"2538",4423.68310546875
"2539",13139.03125
"2540",2642.80297851562
"2541",2962.85375976562
"2542",4541.03369140625
"2543",11229.5927734375
"2544",6176.69287109375
"2545",4882.173828125
"2546",2853.80786132812
"2547",10453.78515625
"2548",7806.95751953125
"2549",5222.67724609375
"2550",9383.4755859375
"2551",2451.57055664062
"2552",8679.947265625
"2553",10769.90234375
"2554",5004.92041015625
"2555",2449.16967773438
"2556",11375.5703125
"2557",16064.2548828125
"2558",5013.548828125
"2559",11947.7109375
"2560",2864.26318359375
"2561",3391.4384765625
"2562",5011.5
"2563",11022.783203125
"2564",4663.85595703125
"2565",9646.8525390625
"2566",9770.0947265625
"2567",7721.86083984375
"2568",5249.6376953125
"2569",14057.1904296875
"2570",7712.25341796875
"2571",4537.560546875
"2572",19314.55078125
"2573",5262.4013671875
"2574",5503.10009765625
"2575",6195.83642578125
"2576",3313.46118164062
"2577",9840.1611328125
"2578",5108.05029296875
"2579",14636.912109375
"2580",2984.47485351562
"2581",6154.40625
"2582",9115.1689453125
"2583",3098.06298828125
"2584",10099.7119140625
"2585",6632.732421875
"2586",8861.1923828125
"2587",7782.0556640625
"2588",17945.1875
"2589",9341.20703125
"2590",8020.42333984375
"2591",5619.2841796875
"2592",2696.34326171875
"2593",4850.2451171875
"2594",7097.08203125
"2595",15124.75
"2596",3025.10693359375
"2597",6828.61181640625
"2598",20250.384765625
"2599",9563.8876953125
"2600",14365.779296875
"2601",5134.1875
"2602",13314.2734375
"2603",8450.0615234375
"2604",5277.232421875
"2605",4320.3349609375
"2606",5145.2919921875
"2607",2738.47216796875
"2608",3446.93701171875
"2609",2768.02587890625
"2610",5956.95458984375
"2611",19038.888671875
"2612",16817.896484375
"2613",8020.1796875
"2614",6304.76904296875
"2615",5748.822265625
"2616",9716.5224609375
"2617",12166.7529296875
"2618",5130.47119140625
"2619",5515.865234375
"2620",14740.9482421875
"2621",9332.736328125
"2622",3979.7451171875
"2623",7893.28369140625
"2624",3102.00073242188
"2625",9885.505859375
"2626",18721.2265625
"2627",2684.12475585938
"2628",10184.087890625
"2629",2022.07446289062
"2630",20542.748046875
"2631",3554.9931640625
"2632",3111.87744140625
"2633",2784.83984375
"2634",8206.80859375
"2635",2866.93432617188
"2636",5656.3427734375
"2637",7515.65087890625
"2638",10632.7880859375
"2639",19853.498046875
"2640",4773.66455078125
"2641",10726.4765625
"2642",8981.591796875
"2643",9786.509765625
"2644",4385.91650390625
"2645",5148.619140625
"2646",17033.96484375
"2647",13002.2880859375
"2648",8438.185546875
"2649",3399.67309570312
"2650",2588.16528320312
"2651",3084.43212890625
"2652",5367.54345703125
"2653",7025.76025390625
"2654",16127.0859375
"2655",11388.7685546875
"2656",20770.673828125
"2657",17907.166015625
"2658",2785.6044921875
"2659",4381.419921875
"2660",3290.65307617188
"2661",19663.32421875
"2662",7594.35693359375
"2663",5211.34375
"2664",5330.03173828125
"2665",12953.904296875
"2666",8866.2421875
"2667",4330.83837890625
"2668",3399.47509765625
"2669",2508.1611328125
"2670",19021.701171875
"2671",18271.82421875
"2672",8469.568359375
"2673",4001.63452148438
"2674",4476.9814453125
"2675",12911.3740234375
"2676",5266.197265625
"2677",14732.6826171875
"2678",6387.87841796875
"2679",5153.73193359375
"2680",6840.77880859375
"2681",14412.87890625
"2682",10567.326171875
"2683",18252.427734375
"2684",19063.16796875
"2685",5155.0625
"2686",5106.67529296875
"2687",6600.4560546875
"2688",4648.13916015625
"2689",17846.908203125
"2690",5263.80419921875
"2691",4298.06494140625
"2692",2629.37182617188
"2693",2943.25732421875
"2694",6053.4345703125
"2695",2877.35571289062
"2696",14817.65234375
"2697",4330.78759765625
"2698",6697.55810546875
"2699",8366.029296875
"2700",19288.345703125
"2701",9646.8525390625
"2702",15655.90625
"2703",6001.78271484375
"2704",11977.8447265625
"2705",9535.09765625
"2706",7810.79833984375
"2707",7395.33056640625
"2708",2114.67236328125
"2709",3490.7080078125
"2710",5039.93115234375
"2711",4755.31005859375
"2712",5740.38818359375
"2713",3266.82275390625
"2714",5249.3095703125
"2715",9000.1650390625
"2716",2890.60034179688
"2717",8937.67578125
"2718",18793.2578125
"2719",12589.5830078125
"2720",13322.962890625
"2721",12601.9345703125
"2722",3026.09008789062
"2723",4403.31787109375
"2724",5265.4482421875
"2725",4399.599609375
"2726",3577.49584960938
"2727",4025.32446289062
"2728",4684.8369140625
"2729",5883.064453125
"2730",5040.86328125
"2731",2580.52612304688
"2732",15350.98046875
"2733",4093.41259765625
"2734",5281.4521484375
"2735",3569.19262695312
"2736",9315.1240234375
"2737",21988.041015625
"2738",5872.18994140625
"2739",4635.8896484375
"2740",7040.9365234375
"2741",2962.95336914062
